Side,Price,Size,IncomingOrderID,BookOrderID
BUY,101.1,48,23,19
BUY,101.15,7,23,18
BUY,101.15,20,25,18
BUY,101.2,28,25,24
BUY,101.35,27,25,12
BUY,101.85,10,25,16
BUY,1496.85,6,770,763
BUY,1497.8,6,791,786
BUY,1505.2,6,912,909
BUY,1496.8,6,933,930
BUY,1495.75,6,973,963
BUY,1499.8,6,1014,1007
BUY,1498.85,6,1075,1073
BUY,1496.45,5,1096,1095
BUY,1502.45,6,1157,1150
BUY,1501.05,6,1178,1173
BUY,1513.6,6,1219,1209
BUY,1495.65,5,1280,1272
BUY,1496.0,6,1302,1293
BUY,1499.45,6,1383,1376
BUY,101.65,9,1464,1458
BUY,101.65,8,1465,1458
BUY,101.65,10,1466,1458
BUY,101.65,7,1467,1458
BUY,101.65,9,1468,1458
BUY,101.65,3,1469,1458
BUY,101.7,8,1471,1460
BUY,101.7,5,1472,1460
BUY,102.55,9,1474,1457
BUY,102.55,9,1475,1457
BUY,102.55,9,1476,1457
BUY,101.05,10,1494,1488
BUY,101.05,5,1495,1488
BUY,97.05,4,1497,1496
BUY,98.7,10,1499,1498
BUY,98.7,9,1500,1498
BUY,98.7,10,1501,1498
BUY,98.7,10,1502,1498
BUY,98.7,4,1503,1498
BUY,101.1,10,1505,1485
BUY,101.1,9,1506,1485
BUY,101.25,10,1528,1526
BUY,101.25,10,1529,1526
BUY,101.25,8,1530,1526
BUY,101.25,8,1531,1526
BUY,101.25,9,1532,1526
BUY,101.25,4,1533,1526
BUY,101.35,7,1535,1521
BUY,101.35,10,1536,1521
BUY,101.35,7,1537,1521
BUY,101.35,10,1538,1521
BUY,101.35,2,1539,1521
BUY,101.4,10,1561,1556
BUY,101.4,10,1562,1556
BUY,101.4,3,1563,1556
BUY,99.95,8,1565,1564
BUY,99.95,10,1566,1564
BUY,98.0,10,1568,1567
BUY,98.0,1,1569,1567
BUY,96.5,6,1571,1570
BUY,98.85,10,1573,1572
BUY,98.85,10,1574,1572
BUY,1495.2,6,1593,1592
BUY,1509.3,6,1614,1612
BUY,1502.9,6,1715,1710
BUY,1500.9,6,1756,1751
BUY,1496.5,6,1837,1830
BUY,1497.0,6,1898,1893
BUY,1495.65,6,1939,1929
BUY,1422.6,4,2820,2811
BUY,1407.6,7,2842,2836
BUY,1415.35,7,2863,2856
BUY,1422.15,7,2884,2878
BUY,1414.9,7,2905,2901
BUY,1409.35,7,2926,2921
BUY,1420.0,7,2947,2938
BUY,1408.1,7,2968,2964
BUY,1408.7,7,2989,2984
BUY,1410.65,6,3010,3009
BUY,1414.05,9,3030,3021
BUY,1414.05,8,3031,3021
BUY,1414.05,3,3032,3021
BUY,1416.5,7,3034,3026
BUY,1416.5,9,3035,3026
BUY,1416.5,10,3036,3026
BUY,1416.5,10,3037,3026
BUY,1416.5,7,3038,3026
BUY,1408.95,9,3059,3049
BUY,1410.7,10,3061,3057
BUY,1410.7,8,3062,3057
BUY,1410.7,9,3063,3057
BUY,1410.7,2,3064,3057
BUY,1418.6,3,3066,3055
BUY,1425.6,10,3068,3050
BUY,1409.6,8,3089,3082
BUY,1409.6,4,3090,3082
BUY,1422.0,8,3092,3086
BUY,1422.0,10,3093,3086
BUY,1422.0,9,3094,3086
BUY,1422.0,9,3095,3086
BUY,1422.0,5,3096,3086
BUY,1422.95,9,3098,3081
BUY,1409.4,10,3119,3109
BUY,1409.4,9,3120,3109
BUY,1415.2,7,3122,3121
BUY,1416.35,9,3124,3112
BUY,1416.35,8,3125,3112
BUY,1416.35,9,3126,3112
BUY,1416.35,9,3127,3112
BUY,1407.8,10,3149,3146
BUY,1407.8,10,3150,3146
BUY,1407.8,9,3151,3146
BUY,1407.8,2,3152,3146
BUY,1414.25,10,3154,3141
BUY,1414.25,10,3155,3141
BUY,1414.25,9,3156,3141
BUY,1409.45,8,3177,3172
BUY,1409.45,10,3178,3172
BUY,1409.45,2,3179,3172
BUY,1414.35,8,3181,3180
BUY,1414.35,10,3182,3180
BUY,1414.35,10,3183,3180
BUY,1414.35,9,3184,3180
BUY,1421.65,8,3205,3196
BUY,1421.65,9,3206,3196
BUY,1421.65,1,3207,3196
BUY,1433.55,10,3209,3198
BUY,1433.55,9,3210,3198
BUY,1407.65,10,3212,3211
BUY,1407.65,10,3213,3211
BUY,1407.65,6,3214,3211
BUY,1412.6,7,3235,3225
BUY,1412.6,8,3236,3225
BUY,1412.6,5,3237,3225
BUY,1414.1,10,3239,3230
BUY,1414.1,10,3240,3230
BUY,1414.1,2,3241,3230
BUY,1404.45,10,3243,3242
BUY,1415.45,9,3264,3256
BUY,1415.45,9,3265,3256
BUY,1415.45,9,3266,3256
BUY,1415.45,3,3267,3256
BUY,1417.45,9,3269,3258
BUY,1417.45,5,3270,3258
BUY,1410.15,6,3272,3271
BUY,1410.75,10,3294,3290
BUY,1410.75,10,3295,3290
BUY,1410.75,10,3296,3290
BUY,1410.75,9,3297,3290
BUY,1410.75,1,3298,3290
BUY,1412.95,9,3300,3293
BUY,1412.95,10,3301,3293
BUY,1407.35,9,3500,3497
BUY,1407.35,4,3501,3497
BUY,1407.45,10,3503,3490
BUY,1407.45,9,3504,3490
BUY,1407.45,3,3505,3490
BUY,1409.6,7,3507,3492
BUY,1409.6,8,3508,3492
BUY,1409.6,8,3509,3492
SELL,1407.45,7,3510,3505
BUY,1407.45,2,3511,3510
SELL,1407.45,7,3512,3511
BUY,1407.45,2,3513,3512
SELL,1407.45,7,3514,3513
BUY,1407.45,2,3515,3514
SELL,1407.45,7,3516,3515
BUY,1407.45,2,3517,3516
SELL,1407.45,7,3518,3517
BUY,1407.45,2,3519,3518
BUY,1408.65,10,3540,3531
BUY,1408.65,9,3541,3531
BUY,1408.65,9,3542,3531
BUY,1408.65,4,3543,3531
BUY,1417.15,10,3545,3532
BUY,1417.15,6,3546,3532
BUY,1423.6,5,3548,3538
BUY,1411.55,8,3570,3564
BUY,1411.55,10,3571,3564
BUY,1411.55,10,3572,3564
BUY,1411.55,9,3573,3564
BUY,1411.55,10,3574,3564
BUY,1411.55,2,3575,3564
SELL,1411.55,7,3577,3575
BUY,1419.95,9,3578,3561
SELL,1411.55,1,3579,3575
BUY,1411.55,9,3580,3579
SELL,1411.55,1,3581,3580
BUY,1411.55,9,3582,3581
SELL,1411.55,1,3583,3582
BUY,1411.55,8,3584,3583
SELL,1411.55,1,3585,3584
BUY,1411.55,8,3586,3585
SELL,1371.0,9,3587,3554
BUY,1419.95,10,3588,3561
SELL,1371.0,10,3589,3554
BUY,1419.95,1,3590,3561
SELL,1419.95,7,3592,3590
BUY,1419.95,2,3593,3592
SELL,1419.95,8,3594,3593
BUY,1419.95,2,3595,3594
BUY,1426.35,7,3596,3565
SELL,1419.95,6,3597,3595
BUY,1419.95,4,3598,3597
SELL,1419.95,5,3599,3598
BUY,1419.95,4,3600,3599
SELL,1419.95,6,3601,3600
BUY,1419.95,4,3602,3601
SELL,1419.95,6,3603,3602
BUY,1419.95,3,3604,3603
SELL,1419.95,7,3605,3604
BUY,1419.95,1,3606,3605
SELL,1419.95,8,3607,3606
BUY,1419.95,2,3608,3607
SELL,1419.95,7,3609,3608
BUY,1419.95,3,3610,3609
SELL,1419.95,6,3611,3610
BUY,1419.95,4,3612,3611
SELL,1419.95,6,3613,3612
BUY,1419.95,1,3614,3613
SELL,1419.95,7,3615,3614
SELL,1419.95,2,3616,3614
BUY,1419.95,8,3617,3616
SELL,1419.95,1,3618,3617
BUY,1419.95,8,3619,3618
BUY,1419.95,1,3620,3618
SELL,1419.95,9,3621,3620
SELL,1371.0,9,3622,3554
BUY,1426.35,10,3623,3565
SELL,1371.0,10,3624,3554
BUY,1426.35,9,3625,3565
SELL,1371.0,10,3626,3554
BUY,1426.35,3,3628,3565
SELL,1426.35,5,3630,3628
BUY,1426.35,5,3631,3630
BUY,1426.85,9,3632,3560
SELL,1426.35,4,3633,3631
BUY,1426.35,5,3634,3633
SELL,1426.35,4,3635,3634
BUY,1426.35,6,3636,3635
SELL,1426.35,4,3637,3636
SELL,1370.7,10,3638,3558
SELL,1370.7,10,3639,3558
SELL,1370.7,9,3640,3558
SELL,1370.7,7,3641,3558
SELL,1370.3,9,3643,3550
SELL,1370.3,9,3644,3550
SELL,1370.3,10,3645,3550
SELL,1370.3,9,3646,3550
SELL,1370.3,2,3647,3550
SELL,1355.9,10,3649,3552
SELL,1355.9,10,3650,3552
SELL,1355.9,2,3651,3552
SELL,1373.0,10,3653,3652
SELL,1373.0,9,3654,3652
SELL,1373.0,10,3655,3652
SELL,1373.0,10,3656,3652
SELL,1376.65,10,3677,3660
SELL,1376.65,10,3678,3660
SELL,1376.65,9,3679,3660
SELL,1376.65,10,3680,3660
SELL,1376.65,4,3681,3660
SELL,1373.75,8,3683,3661
SELL,1371.1,10,3685,3664
SELL,1371.1,10,3686,3664
SELL,1371.1,10,3687,3664
SELL,1371.1,10,3688,3664
SELL,1377.75,10,3709,3692
SELL,1377.75,9,3710,3692
SELL,1377.75,1,3711,3692
SELL,1375.3,5,3713,3690
SELL,1363.05,10,3715,3714
SELL,1363.05,9,3716,3714
SELL,1363.05,9,3717,3714
SELL,1363.05,5,3718,3714
SELL,1358.0,10,3720,3691
SELL,1358.0,8,3721,3691
SELL,1358.0,7,3722,3691
SELL,1375.55,10,3743,3727
SELL,1375.55,10,3744,3727
SELL,1375.55,10,3745,3727
SELL,1375.55,10,3746,3727
SELL,1375.55,4,3747,3727
SELL,1361.3,10,3749,3723
SELL,1361.3,9,3750,3723
SELL,1361.3,10,3751,3723
SELL,1361.3,2,3752,3723
SELL,1377.75,6,3754,3753
SELL,1376.6,10,3776,3756
SELL,1376.6,10,3777,3756
SELL,1376.6,7,3778,3756
SELL,1376.3,10,3780,3763
SELL,1376.3,8,3781,3763
SELL,1376.3,10,3782,3763
SELL,1376.3,10,3783,3763
SELL,1376.3,2,3784,3763
SELL,1369.4,10,3786,3757
SELL,1368.35,10,3788,3764
SELL,1375.05,10,3809,3794
SELL,1375.05,1,3810,3794
SELL,1366.45,9,3812,3797
SELL,1366.45,8,3813,3797
SELL,1366.45,10,3814,3797
SELL,1366.45,6,3815,3797
SELL,1363.1,10,3817,3789
SELL,1363.1,10,3818,3789
SELL,1363.1,8,3819,3789
SELL,1363.1,2,3820,3789
SELL,1378.3,7,3842,3829
SELL,1378.3,10,3843,3829
SELL,1378.3,5,3844,3829
SELL,1371.1,10,3846,3828
SELL,1371.1,10,3847,3828
SELL,1371.1,10,3848,3828
SELL,1371.1,10,3849,3828
SELL,1371.1,5,3850,3828
SELL,1369.3,9,3852,3822
SELL,1369.3,10,3853,3822
SELL,1374.8,9,3874,3854
SELL,1374.8,9,3875,3854
SELL,1374.8,10,3876,3854
SELL,1374.8,10,3877,3854
SELL,1374.8,4,3878,3854
SELL,1370.3,10,3880,3858
SELL,1370.3,10,3881,3858
SELL,1370.3,8,3882,3858
SELL,1370.3,10,3883,3858
SELL,1370.3,9,3884,3858
SELL,1366.45,8,3906,3894
SELL,1366.45,7,3907,3894
SELL,1363.9,10,3909,3893
SELL,1363.9,8,3910,3893
SELL,1363.9,10,3911,3893
SELL,1363.9,10,3912,3893
SELL,1363.9,3,3913,3893
SELL,1362.65,10,3915,3887
SELL,1362.65,9,3916,3887
SELL,1362.65,7,3917,3887
SELL,1371.2,9,3939,3926
SELL,1371.2,9,3940,3926
SELL,1371.2,8,3941,3926
SELL,1371.2,5,3942,3926
SELL,1370.7,9,3944,3925
SELL,1370.7,10,3945,3925
SELL,1370.7,9,3946,3925
SELL,1370.7,1,3947,3925
SELL,1360.0,9,3949,3921
SELL,1360.0,10,3950,3921
SELL,1360.0,8,3951,3921
SELL,1375.1,10,3972,3952
SELL,1375.1,10,3973,3952
SELL,1375.1,9,3974,3952
SELL,1375.1,10,3975,3952
SELL,1375.1,3,3976,3952
SELL,1374.85,10,3978,3977
SELL,1374.85,9,3979,3977
SELL,1374.85,10,3980,3977
SELL,1374.85,6,3981,3977
SELL,1375.55,10,3983,3982
SELL,1379.25,8,4004,3984
SELL,1379.25,9,4005,3984
SELL,1379.25,7,4006,3984
SELL,1374.9,8,4008,3992
SELL,1374.9,10,4009,3992
SELL,1374.9,2,4010,3992
SELL,1373.85,10,4012,3988
SELL,1373.85,8,4013,3988
SELL,1373.85,3,4014,3988
SELL,1373.05,3,4016,3989
SELL,1367.0,9,4018,4007
SELL,1377.3,8,4039,4025
SELL,1377.3,10,4040,4025
SELL,1377.3,9,4041,4025
SELL,1377.3,7,4042,4025
SELL,1376.6,10,4044,4026
SELL,1376.6,2,4045,4026
SELL,1375.75,7,4047,4020
SELL,1375.3,8,4049,4028
SELL,1375.3,8,4050,4028
SELL,1375.3,10,4051,4028
SELL,1375.3,9,4052,4028
SELL,1362.05,10,4073,4058
SELL,1362.05,8,4074,4058
SELL,1362.05,10,4075,4058
SELL,1362.05,4,4076,4058
SELL,1356.4,9,4078,4077
SELL,1356.4,9,4079,4077
SELL,1356.4,10,4080,4077
SELL,1356.4,10,4081,4077
SELL,1356.4,6,4082,4077
SELL,1356.0,10,4084,4055
SELL,1368.75,9,4105,4087
SELL,1368.75,10,4106,4087
SELL,1368.75,1,4107,4087
SELL,1361.25,10,4109,4085
SELL,1361.25,8,4110,4085
SELL,1361.25,9,4111,4085
SELL,1361.25,9,4112,4085
SELL,1361.25,8,4113,4085
SELL,1361.25,5,4114,4085
SELL,1380.6,9,4116,4115
SELL,1380.6,2,4117,4115
SELL,1377.95,10,4139,4124
SELL,1377.95,10,4140,4124
SELL,1377.95,8,4141,4124
SELL,1377.95,1,4142,4124
SELL,1377.7,8,4144,4119
SELL,1377.7,10,4145,4119
SELL,1377.7,4,4146,4119
SELL,1370.85,10,4148,4126
SELL,1370.85,9,4149,4126
SELL,1370.85,10,4150,4126
SELL,1370.85,7,4151,4126
SELL,1378.7,9,4172,4160
SELL,1378.7,7,4173,4160
SELL,1362.3,10,4175,4152
SELL,1362.3,10,4176,4152
SELL,1362.3,9,4177,4152
SELL,1362.3,9,4178,4152
SELL,1378.35,8,4180,4179
SELL,1378.35,7,4181,4179
SELL,1374.8,9,4183,4182
SELL,1370.2,2,4185,4184
SELL,1376.0,9,4207,4192
SELL,1376.0,9,4208,4192
SELL,1376.0,9,4209,4192
SELL,1370.4,10,4211,4187
SELL,1370.4,10,4212,4187
SELL,1370.4,9,4213,4187
SELL,1370.4,10,4214,4187
SELL,1370.4,8,4215,4187
SELL,1370.4,3,4216,4187
SELL,1363.05,8,4218,4195
SELL,1363.05,9,4219,4195
SELL,1374.15,9,4240,4227
SELL,1374.15,10,4241,4227
SELL,1374.15,9,4242,4227
SELL,1374.15,6,4243,4227
SELL,1372.25,9,4245,4225
SELL,1372.25,9,4246,4225
SELL,1372.25,9,4247,4225
SELL,1372.25,9,4248,4225
SELL,1367.45,8,4250,4244
SELL,1367.45,9,4251,4244
SELL,1367.45,9,4252,4244
SELL,1378.75,8,4273,4259
SELL,1378.75,10,4274,4259
SELL,1378.75,8,4275,4259
SELL,1368.55,8,4277,4255
SELL,1368.55,4,4278,4255
SELL,1356.0,9,4280,4276
SELL,1356.0,8,4281,4276
SELL,1356.0,9,4282,4276
SELL,1356.0,10,4283,4276
SELL,1356.0,9,4284,4276
SELL,1356.0,1,4285,4276
SELL,1371.95,9,4307,4294
SELL,1362.8,9,4309,4296
SELL,1362.8,10,4310,4296
SELL,1362.8,4,4311,4296
SELL,1366.25,10,4313,4312
SELL,1366.25,6,4314,4312
SELL,1360.7,1,4316,4291
SELL,1359.95,9,4318,4290
SELL,1359.95,10,4319,4290
SELL,1359.95,9,4320,4290
SELL,1359.95,6,4321,4290
SELL,1364.45,1,4342,4323
SELL,1378.2,9,4344,4343
SELL,1378.2,10,4345,4343
SELL,1378.2,9,4346,4343
SELL,1378.2,6,4347,4343
SELL,1364.1,10,4349,4324
SELL,1364.1,10,4350,4324
SELL,1364.1,8,4351,4324
SELL,1364.1,8,4352,4324
SELL,1364.1,9,4353,4324
SELL,1364.1,5,4354,4324
SELL,1376.35,5,4376,4363
SELL,1373.1,9,4378,4361
SELL,1373.1,9,4379,4361
SELL,1373.1,9,4380,4361
SELL,1373.1,9,4381,4361
SELL,1373.1,2,4382,4361
SELL,1368.45,9,4384,4358
SELL,1368.45,9,4385,4358
SELL,1368.45,2,4386,4358
SELL,1378.05,9,4388,4387
SELL,1378.05,8,4389,4387
SELL,1377.3,10,4410,4397
SELL,1377.3,9,4411,4397
SELL,1377.3,10,4412,4397
SELL,1377.3,10,4413,4397
SELL,1377.3,4,4414,4397
SELL,1373.8,9,4416,4396
SELL,1373.8,9,4417,4396
SELL,1373.8,8,4418,4396
SELL,1373.8,9,4419,4396
SELL,1364.8,10,4421,4393
SELL,1373.35,10,4442,4427
SELL,1373.35,10,4443,4427
SELL,1373.35,9,4444,4427
SELL,1373.35,1,4445,4427
SELL,1372.05,10,4447,4428
SELL,1372.05,4,4448,4428
SELL,1362.7,6,4450,4430
SELL,1355.3,9,4452,4451
SELL,1355.3,8,4453,4451
SELL,1355.3,10,4454,4451
SELL,1355.3,8,4455,4451
SELL,1366.4,8,4476,4458
SELL,1366.4,9,4477,4458
SELL,1366.4,8,4478,4458
SELL,1366.4,2,4479,4458
SELL,1368.3,10,4481,4480
SELL,1368.3,10,4482,4480
SELL,1368.3,9,4483,4480
SELL,1368.3,5,4484,4480
SELL,1361.15,8,4486,4463
SELL,1361.15,9,4487,4463
SELL,1361.15,3,4488,4463
SELL,1376.05,10,4510,4495
SELL,1376.05,10,4511,4495
SELL,1376.05,6,4512,4495
SELL,1370.4,10,4514,4490
SELL,1370.4,9,4515,4490
SELL,1370.4,4,4516,4490
SELL,1362.25,8,4518,4498
SELL,1362.25,10,4519,4498
SELL,1362.25,9,4520,4498
SELL,1359.4,10,4522,4521
BUY,1413.65,10,4542,4536
BUY,1413.65,5,4543,4536
BUY,1414.1,9,4545,4532
BUY,1414.1,9,4546,4532
BUY,1414.1,9,4547,4532
BUY,1414.1,9,4548,4532
BUY,1416.15,6,4550,4544
BUY,1099.3,9,4572,4566
BUY,1099.3,10,4573,4566
BUY,1099.3,9,4574,4566
BUY,1099.3,10,4575,4566
BUY,1101.9,10,4577,4562
BUY,1101.9,9,4578,4562
BUY,1101.9,1,4579,4562
BUY,1097.5,6,4581,4580
BUY,1104.45,2,4583,4582
BUY,1469.3,10,4605,4604
BUY,1461.3,9,4607,4606
BUY,1461.3,9,4608,4606
BUY,1461.3,10,4609,4606
BUY,1461.3,8,4610,4606
BUY,1461.3,4,4611,4606
BUY,1473.55,5,4613,4601
BUY,1238.15,6,4635,4634
BUY,1239.5,10,4637,4632
BUY,1239.5,10,4638,4632
BUY,1244.15,8,4640,4625
BUY,1244.15,10,4641,4625
BUY,1244.15,6,4642,4625
BUY,1246.8,10,4644,4631
BUY,1246.8,9,4645,4631
BUY,1098.35,10,4664,4655
BUY,1098.35,10,4665,4655
BUY,1098.35,8,4666,4655
BUY,1098.35,7,4667,4655
BUY,1098.9,9,4669,4657
BUY,1098.9,1,4670,4657
BUY,1103.95,8,4672,4663
BUY,1103.95,8,4673,4663
BUY,1103.95,10,4674,4663
BUY,1103.95,7,4675,4663
BUY,1467.05,7,4696,4686
BUY,1467.05,10,4697,4686
BUY,1467.05,10,4698,4686
BUY,1467.05,10,4699,4686
BUY,1467.05,10,4700,4686
BUY,1467.05,1,4701,4686
BUY,1470.1,8,4703,4687
BUY,1239.45,5,4724,4718
BUY,1241.6,10,4726,4721
BUY,1241.6,10,4727,4721
BUY,1241.6,10,4728,4721
BUY,1241.6,7,4729,4721
BUY,1242.25,8,4731,4717
BUY,1242.25,10,4732,4717
BUY,1242.25,9,4733,4717
BUY,1104.0,9,4751,4749
BUY,1104.0,3,4752,4749
BUY,1088.3,10,4754,4753
BUY,1088.3,10,4755,4753
BUY,1088.3,10,4756,4753
BUY,1088.3,8,4757,4753
BUY,1088.3,1,4758,4753
BUY,1107.7,1,4760,4743
BUY,1100.95,10,4762,4761
BUY,1069.25,10,4783,4773
BUY,1069.25,9,4784,4773
BUY,1069.25,9,4785,4773
BUY,1069.25,8,4786,4773
BUY,1069.35,9,4788,4778
BUY,1069.35,10,4789,4778
BUY,1069.35,10,4790,4778
BUY,1069.35,9,4791,4778
BUY,1085.15,10,4793,4792
BUY,1085.15,7,4794,4792
SELL,1069.25,1,4795,4786
BUY,1069.25,9,4796,4795
SELL,1069.25,1,4797,4796
BUY,1069.25,9,4798,4797
SELL,1069.25,1,4799,4798
BUY,1069.25,9,4800,4799
SELL,1069.25,1,4801,4800
BUY,1069.25,9,4802,4801
SELL,1047.1,8,4803,4765
BUY,1085.15,9,4804,4792
SELL,1047.1,10,4805,4765
BUY,1085.15,6,4806,4792
SELL,1085.15,3,4808,4806
BUY,1082.4,9,4809,4807
SELL,1047.1,5,4810,4765
SELL,1032.65,10,4812,4769
SELL,1032.65,9,4813,4769
SELL,1032.65,10,4814,4769
SELL,1032.65,9,4815,4769
SELL,1029.6,10,4817,4767
SELL,1029.6,8,4818,4767
SELL,1029.6,9,4819,4767
SELL,1029.0,7,4821,4816
SELL,1029.0,10,4822,4816
SELL,1029.0,8,4823,4816
SELL,1029.0,9,4824,4816
SELL,1026.1,10,4826,4764
SELL,1026.1,9,4827,4764
SELL,1026.1,9,4828,4764
SELL,1026.1,10,4829,4764
SELL,1026.1,6,4830,4764
SELL,1043.3,10,4832,4831
SELL,1043.3,10,4833,4831
SELL,1043.3,10,4834,4831
SELL,1052.2,10,4855,4836
SELL,1052.2,4,4856,4836
SELL,1050.4,10,4858,4841
SELL,1050.4,9,4859,4841
SELL,1050.4,10,4860,4841
SELL,1050.4,2,4861,4841
SELL,1049.65,10,4863,4840
SELL,1049.65,9,4864,4840
SELL,1049.65,8,4865,4840
SELL,1049.65,8,4866,4840
SELL,1049.65,8,4867,4840
SELL,1042.65,6,4888,4874
SELL,1042.65,10,4889,4874
SELL,1042.65,8,4890,4874
SELL,1042.65,10,4891,4874
SELL,1042.65,2,4892,4874
SELL,1042.45,9,4894,4868
SELL,1042.45,10,4895,4868
SELL,1042.45,3,4896,4868
SELL,1042.35,10,4898,4875
SELL,1042.35,10,4899,4875
SELL,1042.35,5,4900,4875
SELL,1044.75,2,4922,4908
SELL,1043.4,9,4924,4904
SELL,1043.4,9,4925,4904
SELL,1043.4,8,4926,4904
SELL,1043.4,9,4927,4904
SELL,1043.4,10,4928,4904
SELL,1043.4,1,4929,4904
SELL,1039.95,8,4931,4910
SELL,1039.95,9,4932,4910
SELL,1039.95,10,4933,4910
SELL,1039.95,9,4934,4910
SELL,1033.9,9,4955,4941
SELL,1033.9,9,4956,4941
SELL,1033.9,10,4957,4941
SELL,1033.9,7,4958,4941
SELL,1033.9,6,4959,4941
SELL,1029.6,10,4961,4944
SELL,1029.6,9,4962,4944
SELL,1029.6,9,4963,4944
SELL,1029.6,8,4964,4944
SELL,1029.6,1,4965,4944
SELL,1034.35,3,4967,4966
SELL,1061.7,7,4989,4972
SELL,1061.7,10,4990,4972
SELL,1061.7,3,4991,4972
SELL,1055.45,6,4993,4978
SELL,1051.7,9,4995,4974
SELL,1051.7,9,4996,4974
SELL,1051.7,8,4997,4974
SELL,1051.7,9,4998,4974
SELL,1051.1,8,5000,4973
SELL,1051.1,10,5001,4973
SELL,1051.1,9,5002,4973
SELL,1060.9,9,5023,5007
SELL,1060.9,8,5024,5007
SELL,1060.9,5,5025,5007
SELL,1061.5,8,5027,5026
SELL,1061.5,8,5028,5026
SELL,1061.5,10,5029,5026
SELL,1061.5,10,5030,5026
SELL,1061.5,3,5031,5026
SELL,1056.45,10,5033,5032
SELL,1056.45,9,5034,5032
SELL,1056.45,8,5035,5032
SELL,1056.1,10,5056,5037
SELL,1056.1,10,5057,5037
SELL,1056.1,7,5058,5037
SELL,1054.6,10,5060,5040
SELL,1054.6,9,5061,5040
SELL,1054.6,10,5062,5040
SELL,1054.6,2,5063,5040
SELL,1041.35,7,5065,5059
SELL,1040.35,10,5067,5039
SELL,1040.35,7,5068,5039
SELL,1051.6,9,5089,5076
SELL,1051.6,10,5090,5076
SELL,1051.6,5,5091,5076
SELL,1038.9,10,5093,5077
SELL,1038.9,9,5094,5077
SELL,1038.9,8,5095,5077
SELL,1038.9,8,5096,5077
SELL,1038.9,3,5097,5077
SELL,1038.1,9,5099,5071
SELL,1038.1,5,5100,5071
SELL,1037.05,6,5102,5092
SELL,1071.1,9,5123,5108
SELL,1071.1,10,5124,5108
SELL,1071.1,10,5125,5108
SELL,1071.1,9,5126,5108
SELL,1071.1,7,5127,5108
SELL,1065.0,8,5129,5111
SELL,1065.0,9,5130,5111
SELL,1065.0,10,5131,5111
SELL,1065.0,1,5132,5111
SELL,1064.25,8,5134,5103
SELL,1075.45,9,5154,5143
SELL,1075.45,9,5155,5143
SELL,1075.45,7,5156,5143
SELL,1072.35,8,5158,5136
SELL,1072.35,7,5159,5136
SELL,1070.2,10,5161,5142
SELL,1070.2,10,5162,5142
SELL,1070.2,9,5163,5142
SELL,1070.2,5,5164,5142
SELL,1065.7,9,5166,5138
SELL,1065.7,6,5167,5138
SELL,1046.4,9,5189,5177
SELL,1046.4,10,5190,5177
SELL,1046.4,2,5191,5177
SELL,1043.1,3,5193,5192
SELL,1032.5,5,5195,5169
SELL,1032.4,8,5197,5176
SELL,1032.4,1,5198,5176
SELL,1040.75,10,5200,5199
SELL,1040.75,9,5201,5199
SELL,1040.75,10,5202,5199
SELL,1040.75,9,5203,5199
SELL,1057.5,7,5224,5205
SELL,1057.5,9,5225,5205
SELL,1057.5,10,5226,5205
SELL,1057.5,9,5227,5205
SELL,1057.5,10,5228,5205
SELL,1057.5,4,5229,5205
SELL,1053.9,10,5231,5211
SELL,1053.9,9,5232,5211
SELL,1053.9,6,5233,5211
SELL,1048.65,7,5235,5204
SELL,1048.65,10,5236,5204
SELL,1041.25,8,5257,5238
SELL,1041.25,2,5258,5238
SELL,1040.05,9,5260,5259
SELL,1040.05,10,5261,5259
SELL,1040.05,10,5262,5259
SELL,1040.05,8,5263,5259
SELL,1040.05,8,5264,5259
SELL,1034.2,9,5266,5239
SELL,1034.2,2,5267,5239
SELL,1027.85,9,5269,5242
SELL,1027.85,9,5270,5242
SELL,1044.1,9,5291,5273
SELL,1044.1,2,5292,5273
SELL,1034.85,9,5294,5271
SELL,1034.85,10,5295,5271
SELL,1034.85,9,5296,5271
SELL,1034.85,8,5297,5271
SELL,1034.85,7,5298,5271
SELL,1034.8,10,5300,5299
SELL,1034.8,4,5301,5299
SELL,1035.15,10,5303,5302
SELL,1033.55,10,5324,5311
SELL,1033.55,1,5325,5311
SELL,1029.5,5,5327,5307
SELL,1025.35,3,5329,5305
SELL,1025.3,9,5331,5312
SELL,1025.3,10,5332,5312
SELL,1025.3,1,5333,5312
SELL,1024.1,4,5335,5334
SELL,1025.05,10,5337,5336
SELL,1025.05,8,5338,5336
SELL,1025.05,6,5339,5336
SELL,1060.6,10,5360,5348
SELL,1060.6,9,5361,5348
SELL,1060.6,10,5362,5348
SELL,1060.6,8,5363,5348
SELL,1060.6,2,5364,5348
SELL,1055.85,8,5366,5344
SELL,1055.85,9,5367,5344
SELL,1055.85,10,5368,5344
SELL,1055.85,10,5369,5344
SELL,1055.85,6,5370,5344
SELL,1055.3,7,5372,5349
SELL,1060.45,10,5393,5381
SELL,1060.45,8,5394,5381
SELL,1060.45,8,5395,5381
SELL,1060.45,5,5396,5381
SELL,1059.4,8,5398,5382
SELL,1059.4,7,5399,5382
SELL,1059.4,10,5400,5382
SELL,1059.4,9,5401,5382
SELL,1059.4,10,5402,5382
SELL,1059.4,1,5403,5382
SELL,1056.0,9,5405,5378
SELL,1047.3,9,5426,5410
SELL,1047.3,9,5427,5410
SELL,1047.3,9,5428,5410
SELL,1044.35,10,5430,5411
SELL,1044.35,9,5431,5411
SELL,1044.35,10,5432,5411
SELL,1036.15,8,5434,5408
SELL,1055.05,10,5436,5435
SELL,1055.05,9,5437,5435
SELL,1034.45,10,5439,5413
SELL,1049.15,10,5460,5447
SELL,1049.15,9,5461,5447
SELL,1049.15,10,5462,5447
SELL,1049.15,9,5463,5447
SELL,1049.15,8,5464,5447
SELL,1049.15,2,5465,5447
SELL,1043.65,10,5467,5442
SELL,1043.65,8,5468,5442
SELL,1043.65,10,5469,5442
SELL,1043.65,7,5470,5442
SELL,1044.95,6,5472,5471
SELL,1066.3,1,5494,5483
SELL,1063.15,8,5496,5480
SELL,1063.15,10,5497,5480
SELL,1063.15,10,5498,5480
SELL,1063.15,6,5499,5480
SELL,1080.6,10,5501,5500
SELL,1080.6,10,5502,5500
SELL,1080.6,6,5503,5500
SELL,1068.45,9,5505,5504
SELL,1068.45,10,5506,5504
SELL,1105.45,4,5527,5508
SELL,1100.45,7,5529,5516
SELL,1106.65,10,5531,5530
SELL,1106.65,7,5532,5530
SELL,1092.1,8,5534,5510
SELL,1092.1,10,5535,5510
SELL,1092.1,1,5536,5510
SELL,1111.35,8,5538,5537
SELL,1111.35,10,5539,5537
SELL,1111.35,10,5540,5537
SELL,1111.35,8,5541,5537
SELL,1091.7,10,5562,5543
SELL,1091.7,2,5563,5543
SELL,1088.35,9,5565,5542
SELL,1088.35,6,5566,5542
SELL,1086.75,9,5568,5567
SELL,1086.75,7,5569,5567
SELL,1074.5,8,5571,5570
SELL,1073.25,5,5573,5547
SELL,1068.25,10,5575,5549
SELL,1068.25,8,5576,5549
SELL,1103.7,8,5597,5583
SELL,1103.7,9,5598,5583
SELL,1103.7,1,5599,5583
SELL,1090.85,10,5601,5580
SELL,1090.85,10,5602,5580
SELL,1090.85,10,5603,5580
SELL,1090.85,6,5604,5580
SELL,1092.85,9,5606,5605
SELL,1092.85,10,5607,5605
SELL,1092.85,7,5608,5605
SELL,1084.75,7,5610,5579
SELL,1093.85,9,5631,5614
SELL,1093.85,10,5632,5614
SELL,1093.85,8,5633,5614
SELL,1093.85,10,5634,5614
SELL,1093.8,9,5636,5618
SELL,1093.8,9,5637,5618
SELL,1093.8,10,5638,5618
SELL,1093.8,9,5639,5618
SELL,1093.8,5,5640,5618
SELL,1093.2,10,5642,5616
SELL,1093.2,7,5643,5616
BUY,1101.2,20,5722,5716
BUY,1095.85,12,5724,5723
BUY,1071.35,16,5745,5736
BUY,1071.75,1,5747,5738
BUY,1085.3,25,5769,5766
BUY,1086.85,43,5771,5760
BUY,1069.5,15,5793,5784
BUY,1065.6,24,5795,5794
SELL,1069.5,4,5797,5793
BUY,1073.95,7,5798,5791
SELL,1069.5,1,5799,5793
SELL,1069.5,2,5800,5793
SELL,1069.5,4,5801,5793
BUY,1073.95,4,5802,5791
BUY,1070.4,1,5824,5814
BUY,1080.95,48,5826,5823
SELL,1080.95,6,5828,5826
BUY,1074.0,12,5829,5827
SELL,1080.95,1,5830,5826
SELL,1080.95,2,5831,5826
SELL,1080.95,3,5832,5826
SELL,1080.95,6,5833,5826
BUY,1074.0,13,5834,5827
BUY,1070.95,23,5855,5846
BUY,1075.6,33,5857,5851
BUY,1089.55,15,5879,5869
BUY,1098.8,16,5881,5870
BUY,1087.6,3,5903,5899
BUY,1090.85,28,5905,5896
SELL,1090.85,1,5907,5905
SELL,1090.85,1,5908,5905
SELL,1090.85,2,5909,5905
SELL,1090.85,5,5910,5905
BUY,1087.65,9,5911,5906
SELL,1090.85,1,5912,5905
SELL,1090.85,1,5913,5905
SELL,1090.85,3,5914,5905
SELL,1090.85,5,5915,5905
BUY,1087.65,11,5916,5906
BUY,1081.4,48,5937,5932
BUY,1090.5,14,5939,5928
BUY,1076.95,44,5961,5960
BUY,1093.95,30,5963,5955
BUY,1094.75,48,5965,5959
SELL,1094.75,7,5967,5965
BUY,1095.35,13,5968,5956
SELL,1094.75,1,5969,5965
SELL,1093.95,3,5970,5963
SELL,1093.95,5,5971,5963
BUY,1095.35,11,5972,5956
BUY,1103.3,18,5993,5992
BUY,1103.85,47,5995,5991
SELL,1103.85,1,5997,5995
SELL,1103.85,2,5998,5995
SELL,1103.85,4,5999,5995
SELL,1103.85,8,6000,5995
BUY,1105.65,15,6001,5990
SELL,1103.85,1,6002,5995
SELL,1103.85,1,6003,5995
SELL,1103.85,3,6004,5995
SELL,1103.85,6,6005,5995
BUY,1105.65,12,6006,5990
BUY,1133.4,23,6027,6017
BUY,1138.5,10,6029,6020
BUY,1121.65,17,6051,6041
BUY,1123.2,8,6053,6043
BUY,1135.5,48,6075,6073
BUY,1136.7,12,6077,6069
BUY,1117.95,20,6099,6091
BUY,1123.1,25,6101,6100
BUY,1101.15,18,6603,6594
BUY,1105.3,41,6605,6602
BUY,1106.15,35,6607,6597
BUY,1108.7,30,6609,6595
BUY,1113.75,3,6611,6593
BUY,1114.3,40,6613,6606
BUY,1115.4,1,6615,6596
BUY,1115.3,12,6617,6616
BUY,1087.25,6,6619,6618
BUY,1087.25,3,6620,6618
BUY,1087.25,4,6621,6618
BUY,1087.25,1,6622,6618
SELL,1115.4,1,6623,6615
BUY,1087.25,1,6624,6618
SELL,1115.4,1,6625,6615
BUY,1087.25,1,6626,6618
SELL,1115.4,1,6627,6615
BUY,1087.25,2,6628,6618
SELL,1115.4,1,6629,6615
SELL,1115.4,1,6630,6615
BUY,1087.25,1,6631,6618
SELL,1115.4,1,6632,6615
BUY,1087.25,1,6633,6618
SELL,1115.4,1,6634,6615
BUY,1087.25,1,6635,6618
SELL,1115.4,1,6636,6615
BUY,1087.25,1,6637,6618
SELL,1115.4,1,6638,6615
BUY,1087.25,1,6639,6618
SELL,1115.4,1,6640,6615
BUY,1087.25,2,6641,6618
SELL,1115.4,1,6642,6615
SELL,1115.4,1,6643,6615
BUY,1087.25,2,6644,6618
SELL,1115.4,1,6645,6615
BUY,1087.25,1,6646,6618
BUY,1099.7,1,6648,6647
BUY,1068.95,35,6669,6662
BUY,1072.7,2,6671,6663
BUY,1072.85,35,6673,6668
BUY,1078.45,16,6675,6665
BUY,1081.1,28,6677,6674
BUY,1082.35,20,6679,6670
BUY,1087.6,13,6681,6660
BUY,1090.3,15,6683,6678
BUY,1090.3,1,6684,6678
BUY,1077.3,4,6686,6685
BUY,1077.3,1,6687,6685
BUY,1077.3,1,6688,6685
BUY,1077.3,1,6689,6685
BUY,1077.3,1,6690,6685
BUY,1084.0,50,6711,6702
BUY,1084.5,30,6713,6708
BUY,1076.0,26,6715,6714
BUY,1085.05,24,6717,6705
BUY,1085.2,47,6719,6707
BUY,1088.35,10,6721,6720
BUY,1070.15,30,6723,6722
BUY,1070.15,10,6724,6722
BUY,1086.7,9,6726,6725
BUY,1086.7,1,6727,6725
BUY,1090.4,1,6729,6709
BUY,1090.4,2,6730,6709
BUY,1090.4,1,6731,6709
BUY,1068.95,6,6752,6744
BUY,1071.35,18,6754,6753
BUY,1072.1,48,6756,6748
BUY,1074.05,16,6758,6743
BUY,1076.3,23,6760,6749
BUY,1077.55,41,6762,6757
BUY,1078.1,25,6764,6755
BUY,1078.1,13,6765,6755
BUY,1078.1,2,6766,6755
BUY,1079.2,3,6768,6763
BUY,1079.2,1,6769,6763
BUY,1079.2,2,6770,6763
BUY,1079.2,1,6771,6763
BUY,1072.6,44,6792,6783
BUY,1073.8,13,6794,6789
BUY,1079.7,35,6796,6785
BUY,1082.15,33,6798,6786
BUY,1089.45,20,6800,6782
BUY,1089.8,22,6802,6801
BUY,1084.25,31,6804,6803
BUY,1084.25,13,6805,6803
BUY,1084.25,2,6806,6803
BUY,1073.7,4,6808,6807
BUY,1073.7,1,6809,6807
BUY,1073.7,2,6810,6807
BUY,1073.7,1,6811,6807
BUY,1068.75,5,6832,6830
BUY,1073.8,2,6834,6826
BUY,1070.7,4,6836,6835
BUY,1078.45,8,6838,6822
BUY,1079.7,50,6840,6828
BUY,1079.85,26,6842,6823
BUY,1081.9,3,6844,6831
BUY,1076.95,4,6846,6845
BUY,1084.95,8,6848,6843
BUY,1084.95,5,6849,6843
BUY,1084.95,2,6850,6843
BUY,1084.95,1,6851,6843
BUY,1084.95,1,6852,6843
BUY,1095.35,38,6873,6869
BUY,1097.1,47,6875,6865
BUY,1101.0,14,6877,6863
BUY,1101.15,34,6879,6878
BUY,1101.95,4,6881,6867
BUY,1088.3,36,6883,6882
BUY,1103.75,23,6885,6876
BUY,1104.3,15,6887,6864
BUY,1104.3,6,6888,6864
BUY,1104.3,5,6889,6864
BUY,1104.3,1,6890,6864
BUY,1104.3,2,6891,6864
BUY,1105.4,1,6893,6874
BUY,1087.65,49,6914,6907
BUY,1093.95,1,6916,6913
BUY,1094.75,39,6918,6908
BUY,1086.9,15,6920,6919
BUY,1102.65,31,6922,6911
BUY,1108.15,33,6924,6910
BUY,1104.65,31,6926,6925
BUY,1104.65,16,6927,6925
BUY,1108.55,8,6929,6909
BUY,1108.55,5,6930,6909
BUY,1108.55,3,6931,6909
BUY,1108.55,1,6932,6909
BUY,1108.55,2,6933,6909
BUY,1108.55,1,6934,6909
BUY,1082.35,31,6955,6949
BUY,1078.45,12,6957,6956
BUY,1082.45,3,6959,6947
BUY,1086.15,6,6961,6960
BUY,1091.5,39,6963,6945
BUY,1083.45,40,6965,6964
BUY,1085.55,40,6967,6966
BUY,1085.55,1,6968,6966
BUY,1085.0,9,6970,6969
BUY,1085.0,6,6971,6969
BUY,1085.0,2,6972,6969
BUY,1085.0,1,6973,6969
BUY,1085.0,1,6974,6969
BUY,1085.0,1,6975,6969
BUY,1076.55,43,6996,6992
BUY,1085.95,24,6998,6990
BUY,1087.5,38,7000,6987
BUY,1088.0,47,7002,6988
BUY,1087.05,13,7004,7003
BUY,1089.8,17,7006,6999
BUY,1094.2,2,7008,6995
BUY,1096.1,11,7010,6994
BUY,1101.7,8,7012,7009
BUY,1109.0,4,7014,6989
BUY,1109.0,3,7015,6989
BUY,1109.0,1,7016,6989
BUY,1109.0,1,7017,6989
BUY,1109.0,1,7018,6989
BUY,1100.6,43,7039,7030
BUY,1100.85,26,7041,7029
BUY,1102.15,40,7043,7038
BUY,1103.55,17,7045,7036
BUY,1122.25,10,7047,7046
BUY,1126.0,16,7049,7044
BUY,1126.15,27,7051,7035
BUY,1126.45,12,7053,7037
BUY,1126.85,6,7055,7034
BUY,1128.3,4,7057,7032
BUY,1128.3,2,7058,7032
BUY,1128.3,1,7059,7032
BUY,1128.3,1,7060,7032
BUY,1129.55,32,7081,7078
BUY,1131.95,46,7083,7080
BUY,1136.25,48,7085,7075
BUY,1136.35,9,7087,7074
BUY,1140.45,3,7089,7072
BUY,1145.7,32,7091,7077
BUY,1153.75,34,7093,7071
BUY,1153.75,9,7094,7071
BUY,1141.05,9,7096,7095
BUY,1141.05,5,7097,7095
BUY,1141.05,1,7098,7095
BUY,1141.05,2,7099,7095
BUY,1141.05,1,7100,7095
BUY,1117.35,48,7121,7120
BUY,1121.4,30,7123,7118
BUY,1121.7,18,7125,7124
BUY,1120.1,27,7127,7126
BUY,1127.05,26,7129,7128
BUY,1127.35,6,7131,7117
BUY,1120.6,25,7133,7132
BUY,1120.6,22,7134,7132
BUY,1120.6,1,7135,7132
BUY,1134.8,5,7137,7112
BUY,1134.8,2,7138,7112
BUY,1134.8,1,7139,7112
BUY,1134.8,1,7140,7112
BUY,1134.8,1,7141,7112
BUY,1133.6,1,7143,7142
BUY,1130.45,16,7164,7155
BUY,1130.25,19,7166,7165
BUY,1135.65,41,7168,7167
BUY,1140.3,44,7170,7157
BUY,1140.3,19,7170,7161
BUY,1139.65,37,7173,7172
BUY,1139.55,50,7175,7174
BUY,1130.9,33,7177,7176
BUY,1130.9,11,7178,7176
BUY,1135.1,14,7180,7179
BUY,1143.95,6,7182,7158
BUY,1143.95,4,7183,7158
BUY,1143.95,2,7184,7158
BUY,1143.95,1,7185,7158
BUY,1143.95,1,7186,7158
BUY,1105.8,17,7542,7537
BUY,1106.05,31,7544,7533
BUY,1108.25,5,7546,7540
BUY,1109.25,37,7548,7536
BUY,1097.8,13,7550,7549
BUY,1111.15,40,7552,7547
BUY,1115.35,25,7554,7535
BUY,1117.45,4,7556,7545
BUY,1117.95,8,7558,7541
SELL,1117.45,3,7559,7556
SELL,1117.45,5,7560,7556
BUY,1117.95,7,7561,7541
SELL,1115.35,1,7562,7554
SELL,1111.15,6,7563,7552
BUY,1115.35,2,7564,7562
SELL,1115.35,4,7565,7564
SELL,1115.35,3,7566,7564
BUY,1115.35,2,7567,7566
SELL,1115.35,4,7568,7567
SELL,1115.35,2,7569,7567
BUY,1115.35,5,7570,7569
SELL,1115.35,4,7571,7570
BUY,1115.35,2,7572,7571
SELL,1115.35,4,7573,7572
SELL,1115.35,2,7574,7572
BUY,1115.35,4,7575,7574
SELL,1115.35,4,7576,7575
SELL,1115.35,2,7577,7575
BUY,1115.35,5,7578,7577
SELL,1115.35,3,7579,7578
BUY,1115.35,2,7580,7579
SELL,1115.35,3,7581,7580
SELL,1115.35,4,7582,7580
BUY,1115.35,1,7583,7582
SELL,1115.35,5,7584,7583
BUY,1117.95,6,7585,7541
SELL,1115.35,1,7586,7583
SELL,1111.15,6,7587,7552
BUY,1115.35,2,7588,7586
SELL,1115.35,3,7589,7588
SELL,1115.35,4,7590,7588
BUY,1117.95,7,7591,7541
SELL,1111.15,1,7592,7552
SELL,1109.25,6,7593,7548
BUY,1111.15,3,7594,7592
SELL,1111.15,4,7595,7594
SELL,1111.15,2,7596,7594
BUY,1111.15,4,7597,7596
SELL,1111.15,4,7598,7597
SELL,1111.15,2,7599,7597
BUY,1111.15,5,7600,7599
SELL,1111.15,4,7601,7600
BUY,1111.15,1,7602,7601
SELL,1111.15,4,7603,7602
BUY,1117.95,7,7604,7541
SELL,1111.15,1,7605,7602
SELL,1109.25,4,7606,7548
BUY,1111.15,2,7607,7605
SELL,1111.15,4,7608,7607
SELL,1111.15,1,7609,7607
BUY,1111.15,3,7610,7609
SELL,1111.15,4,7611,7610
SELL,1109.25,6,7612,7548
BUY,1117.95,9,7613,7541
SELL,1109.25,3,7614,7548
SELL,1109.25,5,7615,7548
SELL,1109.25,9,7616,7548
SELL,1109.25,13,7617,7548
SELL,1109.25,20,7618,7548
SELL,1109.25,29,7619,7548
SELL,1109.25,44,7620,7548
SELL,1109.25,36,7621,7548
SELL,1108.25,80,7622,7546
SELL,1108.25,139,7623,7546
SELL,1108.25,172,7624,7546
SELL,1106.05,283,7625,7544
SELL,1106.05,439,7626,7544
SELL,1106.05,12,7627,7544
SELL,1105.8,954,7628,7542
BUY,1098.1,6,7689,7680
BUY,1100.05,47,7691,7684
BUY,1092.85,22,7693,7692
BUY,1096.55,38,7695,7694
BUY,1100.3,12,7697,7679
BUY,1097.35,20,7699,7698
BUY,1094.2,28,7701,7700
BUY,1094.85,15,7703,7702
BUY,1094.85,8,7704,7702
BUY,1094.85,4,7705,7702
BUY,1094.85,2,7706,7702
BUY,1094.85,1,7707,7702
BUY,1094.85,1,7708,7702
BUY,1098.15,40,7743,7742
BUY,1109.45,19,7745,7741
BUY,1112.6,50,7747,7740
BUY,1100.7,21,7749,7748
BUY,1098.8,44,7751,7750
BUY,1114.85,14,7753,7736
BUY,1103.6,37,7755,7754
BUY,1103.6,6,7756,7754
BUY,1116.1,11,7758,7746
BUY,1116.1,5,7759,7746
BUY,1116.1,2,7760,7746
BUY,1116.1,1,7761,7746
BUY,1116.1,1,7762,7746
BUY,1116.1,1,7763,7746
BUY,1098.6,8,7798,7791
BUY,1101.8,39,7800,7789
BUY,1089.2,36,7802,7801
BUY,1094.55,20,7804,7803
BUY,1092.8,48,7806,7805
BUY,1082.6,32,7808,7807
BUY,1093.65,4,7810,7809
BUY,1089.85,7,7812,7811
BUY,1113.85,6,7814,7794
BUY,1115.5,4,7816,7813
BUY,1115.5,2,7817,7813
BUY,1115.5,1,7818,7813
BUY,1115.5,1,7819,7813
BUY,1103.55,39,7836,7827
BUY,1103.55,25,7836,7829
BUY,1105.3,25,7839,7826
BUY,1102.25,12,7841,7840
BUY,1105.75,50,7843,7828
BUY,1093.95,40,7845,7844
BUY,1110.15,5,7847,7846
BUY,1101.25,16,7849,7848
BUY,1096.45,11,7851,7850
BUY,1082.25,7,7853,7852
BUY,1093.8,5,7855,7854
BUY,1093.8,1,7856,7854
BUY,1093.8,2,7857,7854
BUY,1093.8,1,7858,7854
BUY,1098.15,5,7915,7905
BUY,1099.2,33,7917,7914
BUY,1089.4,32,7919,7918
BUY,1099.15,23,7921,7920
BUY,1104.3,7,7923,7922
BUY,1099.25,40,7925,7924
BUY,1109.65,6,7927,7911
BUY,1110.05,16,7929,7928
BUY,1110.05,6,7930,7928
BUY,1110.05,4,7931,7928
BUY,1110.05,1,7932,7928
SELL,1110.05,1,7934,7932
SELL,1109.65,1,7935,7927
BUY,1087.25,3,7936,7933
SELL,1109.65,1,7937,7927
SELL,1109.65,1,7938,7927
SELL,1109.65,1,7939,7927
BUY,1087.25,2,7940,7933
SELL,1109.65,2,7941,7927
BUY,1087.25,1,7942,7933
SELL,1109.65,1,7943,7927
BUY,1087.25,3,7944,7933
SELL,1109.65,1,7945,7927
SELL,1109.65,2,7946,7927
BUY,1087.25,2,7947,7933
SELL,1109.65,2,7948,7927
BUY,1087.25,3,7949,7933
SELL,1109.65,1,7950,7927
SELL,1109.65,1,7951,7927
SELL,1109.65,2,7952,7927
SELL,1109.65,2,7953,7927
SELL,1109.65,2,7954,7927
SELL,1104.3,5,7955,7923
SELL,1104.3,8,7956,7923
SELL,1104.3,12,7957,7923
SELL,1104.3,18,7958,7923
SELL,1104.3,27,7959,7923
SELL,1104.3,36,7960,7923
SELL,1099.25,15,7961,7925
SELL,1099.2,89,7962,7917
SELL,1099.2,127,7963,7917
SELL,1099.2,173,7964,7917
SELL,1099.2,276,7965,7917
SELL,1099.2,44,7966,7917
SELL,1099.15,195,7967,7921
SELL,1098.15,929,7968,7915
BUY,1105.35,32,8048,8047
BUY,1107.5,13,8050,8042
BUY,1110.35,8,8052,8038
BUY,1110.6,19,8054,8049
BUY,1117.9,21,8056,8053
BUY,1121.75,15,8058,8057
BUY,1104.35,16,8060,8059
BUY,1110.75,12,8062,8061
BUY,1110.75,5,8063,8061
BUY,1110.75,3,8064,8061
BUY,1110.75,3,8065,8061
BUY,1110.75,1,8066,8061
BUY,1110.75,1,8067,8061
BUY,1100.1,38,8488,8478
BUY,1100.1,8,8488,8485
BUY,1099.65,27,8491,8489
BUY,1100.3,35,8493,8492
BUY,1093.2,30,8495,8494
BUY,1100.65,42,8497,8481
BUY,1079.15,29,8499,8498
BUY,1082.0,31,8501,8500
BUY,1101.7,22,8503,8482
BUY,1102.55,13,8505,8502
BUY,1102.55,5,8506,8502
BUY,1102.55,4,8507,8502
BUY,1102.55,2,8508,8502
BUY,1102.55,1,8509,8502
BUY,1103.2,49,8630,8627
BUY,1105.2,27,8632,8625
BUY,1110.15,2,8634,8622
BUY,1111.7,4,8636,8633
BUY,1109.9,6,8638,8637
BUY,1114.6,33,8640,8626
BUY,1116.75,32,8642,8623
BUY,1116.75,12,8643,8623
BUY,1119.4,7,8645,8620
BUY,1097.95,8,8647,8646
BUY,1097.95,3,8648,8646
BUY,1097.95,2,8649,8646
BUY,1108.6,1,8651,8650
BUY,1108.6,1,8652,8650
